Report File name, Tested File name, Files Deleted, Files Created, RegKeys Opened, Directories Created, Files Written, dll loaded
 13_report.json, VirusShare_0611ee394f9c236fc5b3197b8c1f3691,0,0,0,0,0,0
 14_report.json, VirusShare_085de2518f08f8541d71b5e7fead31b4,4,11,501,4,10,106
 15_report.json, VirusShare_0a426257e0f45255f4a7366c6e0a309e,4,11,501,4,10,105
 16_report.json, VirusShare_0b109c1cb3f6ae1eb5c8d415e9643c07,4,14,283,14,12,18
 17_report.json, VirusShare_3d2ec4d503e282cc0db13d662b92c5e8,4,11,500,4,10,104
 18_report.json, VirusShare_427a1136e5e470964ec6aa3a7bd991f8,0,1,4,0,1,4
 19_report.json, VirusShare_4c2fdd9f819d6b551df945c6bf5faec7,4,11,500,4,10,104
 20_report.json, VirusShare_65b23015f3b67ec35381c0fff4209b21,0,1,0,0,0,3
 21_report.json, VirusShare_8acf123b9576b7e76c930637ab67f43b,4,11,500,4,10,104
 22_report.json, VirusShare_d8ecc13aba2945c22e6a6f92a26d7e01,0,0,40,0,0,15
 b_01_report.json,1,1,1,3,0,1,5
 b_02_report.json,2,6,10,383,8,10,67
 b_03_report.json,3,0,0,209,1,0,18
 b_04_report.json,4,0,1,25,0,0,9
 b_05_report.json,5,0,1,30,0,0,15
 b_07_report.json,7,0,0,0,0,0,0
 b_08_report.json,8,4,5,13,1,5,10
 b_10_report.json,10,0,0,0,0,0,0
 b_19_report.json,19,0,2,885,2,1,45
 b_BDUSBImmunizerLauncher.json, BDUSBImmunizerLauncher.exe,1,7,113,2,8,42
